<?xml version="1.0" encoding="UTF-8"?>
<Configuration status="warn">
    <Properties>
        <Property name="basePath">./logs</Property>
        <Property name="baseFilename">NDPLogs</Property>
    </Properties>

    <Appenders>
        <RollingFile name="errorFileAppender" fileName="${basePath}/${baseFilename}_error.log"
                     filePattern="${basePath}/${baseFilename}_error_%d{yyyy-MM-dd}_%i.log.gz">
            <PatternLayout
                pattern="[%-5level] %d{yyyy-MM-dd HH:mm:ss.SSS} [%t] [%C{1}.%M] %X - %msg%n" />
            <Policies>
                <TimeBasedTriggeringPolicy interval="1" modulate="true" />
				<SizeBasedTriggeringPolicy size="500MB"/>
            </Policies>
			<DefaultRolloverStrategy fileIndex="nomax"/>
        </RollingFile>

        <RollingFile name="infoFileAppender" fileName="${basePath}/${baseFilename}_info.log"
                     filePattern="${basePath}/${baseFilename}_info_%d{yyyy-MM-dd}_%i.log.gz">
            <PatternLayout
                pattern="[%-5level] %d{yyyy-MM-dd HH:mm:ss.SSS} [%t] [%C{1}.%M] %X - %msg%n" />
            <Policies>
                <TimeBasedTriggeringPolicy interval="1" modulate="true" />
				<SizeBasedTriggeringPolicy size="500MB"/>
            </Policies>
			<DefaultRolloverStrategy fileIndex="nomax"/>
        </RollingFile>
        
        <RollingFile name="debugFileAppender" fileName="${basePath}/${baseFilename}_debug.log"
                     filePattern="${basePath}/${baseFilename}_debug_%d{yyyy-MM-dd}_%i.log.gz">
            <PatternLayout
                pattern="[%-5level] %d{yyyy-MM-dd HH:mm:ss.SSS} [%t] [%C{1}.%M] %X - %msg%n" />
            <Policies>
                <TimeBasedTriggeringPolicy interval="1" modulate="true" />
				<SizeBasedTriggeringPolicy size="500MB"/>
            </Policies>
			<DefaultRolloverStrategy fileIndex="nomax"/>
        </RollingFile>
        
        
        <RollingFile name="userFootprintFileAppender" fileName="${basePath}/${baseFilename}_footprint.log"
                     filePattern="${basePath}/${baseFilename}_footprint_%d{yyyy-MM-dd}_%i.log.gz">
            <PatternLayout
                pattern="[%-5level] %d{yyyy-MM-dd HH:mm:ss.SSS} [%t] [%C{1}.%M] %X - %msg%n" />
            <Policies>
                <TimeBasedTriggeringPolicy interval="1" modulate="true" />
				<SizeBasedTriggeringPolicy size="500MB"/>
            </Policies>
			<DefaultRolloverStrategy fileIndex="nomax"/>
        </RollingFile>
        
        <RollingFile name="failedFileAppender" fileName="${basePath}/${baseFilename}_failed.log"
                     filePattern="${basePath}/${baseFilename}_failed_%d{yyyy-MM-dd}_%i.log.gz">
            <PatternLayout
                pattern="[%-5level] %d{yyyy-MM-dd HH:mm:ss.SSS} [%t] [%C{1}.%M] %X - %msg%n" />
            <Policies>
                <TimeBasedTriggeringPolicy interval="1" modulate="true" />
				<SizeBasedTriggeringPolicy size="500MB"/>
            </Policies>
			<DefaultRolloverStrategy fileIndex="nomax"/>
        </RollingFile>
        
        <RollingFile name="requestFileAppender" fileName="${basePath}/${baseFilename}_request.log"
                     filePattern="${basePath}/${baseFilename}_request_%d{yyyy-MM-dd}_%i.log.gz">
            <PatternLayout
                pattern="[%-5level] %d{yyyy-MM-dd HH:mm:ss.SSS} [%t] [%C{1}.%M] %X - %msg%n" />
            <Policies>
                <TimeBasedTriggeringPolicy interval="1" modulate="true" />
				<SizeBasedTriggeringPolicy size="500MB"/>
            </Policies>
			<DefaultRolloverStrategy fileIndex="nomax"/>
        </RollingFile>

        <RollingFile name="timingsFileAppender" fileName="${basePath}/${baseFilename}_timings.log"
                     filePattern="${basePath}/${baseFilename}_debug_%d{yyyy-MM-dd}_%i.log.gz">
            <PatternLayout
                pattern="[%-5level] %d{yyyy-MM-dd HH:mm:ss.SSS} [%t] [%C{1}.%M] %X - %msg%n" />
            <Policies>
                <TimeBasedTriggeringPolicy interval="1" modulate="true" />
				<SizeBasedTriggeringPolicy size="500MB"/>
            </Policies>
			<DefaultRolloverStrategy fileIndex="nomax"/>
        </RollingFile>

        <!--        <RollingFile name="springframeworkFileAppender" fileName="${basePath}/${baseFilename}_spring.log"
                     filePattern="${basePath}/${baseFilename}_spring_%d{yyyy-MM-dd}.log">
            <PatternLayout
                pattern="[%-5level] %d{yyyy-MM-dd HH:mm:ss.SSS} [%t] [%C{1}.%M] - %msg%n" />
            <Policies>
                <TimeBasedTriggeringPolicy interval="1" modulate="true" />
				<SizeBasedTriggeringPolicy size="500MB"/>
            </Policies>
			<DefaultRolloverStrategy fileIndex="nomax"/>
        </RollingFile>-->
        <!--        
        <RollingFile name="hikariFileAppender" fileName="${basePath}/${baseFilename}_hikari.log"
                     filePattern="${basePath}/${baseFilename}_hikari_%d{yyyy-MM-dd}.log">
            <PatternLayout
                pattern="[%-5level] %d{yyyy-MM-dd HH:mm:ss.SSS} [%t] [%C{1}.%M] - %msg%n" />
            <Policies>
                <TimeBasedTriggeringPolicy interval="1" modulate="true" />
				<SizeBasedTriggeringPolicy size="500MB"/>
            </Policies>
			<DefaultRolloverStrategy fileIndex="nomax"/>
        </RollingFile>-->

        <Console name="console" target="SYSTEM_OUT">
            <PatternLayout
                pattern="[%-5level] %d{yyyy-MM-dd HH:mm:ss.SSS} [%t] [%C{1}.%M] %X - %msg%n" />
        </Console>
    </Appenders>

    <Loggers>
        <Logger name="errorLogger" level="error" additivity="false">
            <appender-ref ref="errorFileAppender" level="error" />
        </Logger>
        <Logger name="infoLogger" level="info" additivity="false">
            <appender-ref ref="infoFileAppender" level="info" />
            <appender-ref ref="console" level="info" />
        </Logger>
        
        <Logger name="debugLogger" level="debug" additivity="false">
            <appender-ref ref="debugFileAppender" level="debug" />
            <appender-ref ref="console" level="debug" />
        </Logger>
        
        <Logger name="footprintLogger" level="debug" additivity="false">
            <appender-ref ref="userFootprintFileAppender" level="debug" />
            <appender-ref ref="console" level="debug" />
        </Logger>
        
        <Logger name="failedLogger" level="error" additivity="false">
            <appender-ref ref="failedFileAppender" level="error" />
        </Logger>
        <Logger name="requestLogger" level="debug" additivity="false">
            <appender-ref ref="requestFileAppender" level="debug" />
        </Logger>

        <Logger name="timing" level="trace" additivity="false">
            <appender-ref ref="timingsFileAppender" level="trace" />
        </Logger>

        <!--        <Logger name="org.springframework" level="debug" additivity="false">
            <appender-ref ref="springframeworkFileAppender" level="debug" />
            <appender-ref ref="console" level="info" />
        </Logger>-->
        <!--        <Logger name="com.zaxxer.hikari" level="debug" additivity="false">
            <appender-ref ref="hikariFileAppender" level="debug" />
        </Logger>-->
        <Root level="INFO" additivity="false">
            <appender-ref ref="console" level="debug" />
            <appender-ref ref="errorFileAppender" level="error" />
            <appender-ref ref="infoFileAppender" level="info" />
            <appender-ref ref="debugFileAppender" level="debug" />
        </Root>
    </Loggers>
</Configuration>